date,lat_bin,lon_bin,temp_mean,temp_max,temp_min,dewpoint_mean,count
2018-01-01,28.400000000000002,76.80000000000001,13.506214018817229,25.702600000000018,4.828580000000045,8.0879447715054,744
2018-01-01,28.400000000000002,77.05000000000001,13.526236666666689,25.654440000000022,5.1736700000000155,8.203313306451635,744
2018-01-01,28.400000000000002,77.30000000000001,13.399211599462388,25.416650000000004,5.169900000000041,8.450713400537657,744
2018-01-01,28.650000000000002,76.80000000000001,13.205524516129056,25.230600000000038,4.378260000000012,8.265344704301098,744
2018-01-01,28.650000000000002,77.05000000000001,13.188585053763465,25.1635,4.653920000000028,8.386092110215076,744
2018-01-01,28.650000000000002,77.30000000000001,13.19427731182798,25.10055,4.947400000000016,8.496647150537658,744
2018-01-01,28.900000000000002,76.80000000000001,13.03708346774196,24.885770000000036,4.180139999999994,8.386062338709701,744
2018-01-01,28.900000000000002,77.05000000000001,13.007831572580667,24.779870000000017,4.456380000000024,8.480926290322603,744
2018-01-01,28.900000000000002,77.30000000000001,13.023563494623678,24.769650000000013,4.762140000000045,8.565803857526905,744
2018-02-01,28.400000000000002,76.80000000000001,18.199029002976214,30.30892,7.01373000000001,10.938492366071452,672
2018-02-01,28.400000000000002,77.05000000000001,18.187328630952404,30.231040000000007,7.011680000000013,11.0063336011905,672
2018-02-01,28.400000000000002,77.30000000000001,17.93525690476193,29.740560000000016,6.546230000000037,11.372096130952404,672
2018-02-01,28.650000000000002,76.80000000000001,17.675663095238114,29.347650000000044,6.939170000000047,11.320502366071452,672
2018-02-01,28.650000000000002,77.05000000000001,17.63282980654764,29.35480000000001,6.6053,11.397170714285737,672
2018-02-01,28.650000000000002,77.30000000000001,17.65567736607145,29.571619999999996,6.236300000000028,11.415356398809546,672
2018-02-01,28.900000000000002,76.80000000000001,17.27645616071431,28.88363000000004,5.998070000000041,11.472938125000022,672
2018-02-01,28.900000000000002,77.05000000000001,17.26061142857145,28.925900000000013,6.034570000000031,11.529371488095261,672
2018-02-01,28.900000000000002,77.30000000000001,17.324028125000023,29.198020000000042,6.014800000000037,11.508377247023832,672
2018-03-01,28.400000000000002,76.80000000000001,24.70913971774196,38.23782,14.343400000000031,12.919993185483897,744
2018-03-01,28.400000000000002,77.05000000000001,24.677707647849484,38.21700000000004,14.711500000000001,13.105919072580667,744
2018-03-01,28.400000000000002,77.30000000000001,24.304692258064538,37.65040000000005,14.784880000000044,13.731409502688196,744
2018-03-01,28.650000000000002,76.80000000000001,24.12003743279572,37.124540000000025,14.18180000000001,13.68700412634411,744
2018-03-01,28.650000000000002,77.05000000000001,24.034211465053787,37.018520000000024,14.570280000000025,13.891052513440881,744
2018-03-01,28.650000000000002,77.30000000000001,23.936581088709698,36.84255000000002,14.75594000000001,14.064026814516152,744
2018-03-01,28.900000000000002,76.80000000000001,23.59814299731185,36.132780000000025,13.364530000000002,14.296866653225829,744
2018-03-01,28.900000000000002,77.05000000000001,23.504657620967762,36.04287000000005,13.267600000000016,14.453296465053786,744
2018-03-01,28.900000000000002,77.30000000000001,23.470400994623677,35.98153000000002,13.039330000000007,14.538949435483893,744
2018-04-01,28.400000000000002,76.80000000000001,30.1361051527778,41.62243000000001,19.877160000000003,13.973309888888911,720
2018-04-01,28.400000000000002,77.05000000000001,29.9993276527778,41.55126000000001,19.91550000000001,14.268105861111135,720
2018-04-01,28.400000000000002,77.30000000000001,29.638888986111134,41.3236,19.817350000000033,14.8767945277778,720
2018-04-01,28.650000000000002,76.80000000000001,29.553515097222245,41.50985000000003,19.350060000000042,14.693777152777802,720
2018-04-01,28.650000000000002,77.05000000000001,29.36772904166669,41.1096,19.30000000000001,15.01818516666669,720
2018-04-01,28.650000000000002,77.30000000000001,29.2945437777778,40.87673000000001,19.54406,15.200774625000024,720
2018-04-01,28.900000000000002,76.80000000000001,29.072015541666687,41.04748000000001,19.049650000000042,15.129431625000024,720
2018-04-01,28.900000000000002,77.05000000000001,28.86830313888891,40.632930000000044,19.053980000000024,15.435797083333357,720
2018-04-01,28.900000000000002,77.30000000000001,28.844494638888914,40.383399999999995,18.984920000000045,15.554356750000023,720
2018-05-01,28.400000000000002,76.80000000000001,33.36814424731185,44.32656000000003,23.21627000000001,16.606665201612927,744
2018-05-01,28.400000000000002,77.05000000000001,33.24286489247314,44.309870000000046,23.030100000000004,16.986700551075295,744
2018-05-01,28.400000000000002,77.30000000000001,32.88352763440862,44.12240000000003,22.70553000000001,17.718343440860238,744
2018-05-01,28.650000000000002,76.80000000000001,32.997151276881745,43.941130000000044,22.705200000000048,16.82559979838712,744
2018-05-01,28.650000000000002,77.05000000000001,32.8495499731183,44.000969999999995,22.529170000000022,17.20189094086024,744
2018-05-01,28.650000000000002,77.30000000000001,32.61636991935486,43.8417,22.29970000000003,17.669905228494645,744
2018-05-01,28.900000000000002,76.80000000000001,32.638296962365615,43.79666000000003,22.22714000000002,16.90785915322583,744
2018-05-01,28.900000000000002,77.05000000000001,32.29265375000002,43.574850000000026,21.96804000000003,17.441601720430132,744
2018-05-01,28.900000000000002,77.30000000000001,32.049718051075295,43.45736000000005,21.745540000000005,17.909558145161316,744
2018-06-01,28.400000000000002,76.80000000000001,34.248746958333356,43.48055000000005,26.30734000000001,22.47322063888891,720
2018-06-01,28.400000000000002,77.05000000000001,34.04403243055558,42.89193,26.090419999999995,22.731628222222245,720
2018-06-01,28.400000000000002,77.30000000000001,33.72945348611113,42.18472000000003,25.86047000000002,23.1792471527778,720
2018-06-01,28.650000000000002,76.80000000000001,33.91902526388891,43.27755000000002,26.28445000000005,22.785112791666688,720
2018-06-01,28.650000000000002,77.05000000000001,33.687675750000025,42.653700000000015,26.10540000000003,23.03895125000002,720
2018-06-01,28.650000000000002,77.30000000000001,33.312687777777796,41.77645000000001,25.34396000000004,23.44156891666669,720
2018-06-01,28.900000000000002,76.80000000000001,33.47528259722224,42.734950000000026,26.108000000000004,23.043240680555577,720
2018-06-01,28.900000000000002,77.05000000000001,33.13699419444447,42.09127000000001,25.30874,23.38154554166669,720
2018-06-01,28.900000000000002,77.30000000000001,32.763734597222246,41.267300000000034,24.52180000000004,23.782334680555582,720
2018-07-01,28.400000000000002,76.80000000000001,31.355725833333356,40.59072000000003,25.61187000000001,25.624255591397873,744
2018-07-01,28.400000000000002,77.05000000000001,31.122446962365615,40.33627000000001,25.47347000000002,25.787895833333355,744
2018-07-01,28.400000000000002,77.30000000000001,30.96722928763443,40.10085000000004,25.666680000000042,26.01339787634411,744
2018-07-01,28.650000000000002,76.80000000000001,31.203938776881742,39.94918000000001,25.712060000000008,25.86245403225809,744
2018-07-01,28.650000000000002,77.05000000000001,30.952931948924753,39.60170000000005,25.57266000000004,26.01768354838712,744
2018-07-01,28.650000000000002,77.30000000000001,30.706540618279593,39.13125000000002,25.364900000000034,26.182436854838734,744
2018-07-01,28.900000000000002,76.80000000000001,30.884712284946257,39.272850000000005,25.619650000000036,26.066165470430132,744
2018-07-01,28.900000000000002,77.05000000000001,30.6555876075269,38.83706000000001,25.555470000000014,26.203437674731205,744
2018-07-01,28.900000000000002,77.30000000000001,30.40732717741938,38.33340000000004,25.253600000000006,26.366846250000023,744
2018-08-01,28.400000000000002,76.80000000000001,30.636859973118302,36.229330000000004,26.144980000000032,25.39157288978497,744
2018-08-01,28.400000000000002,77.05000000000001,30.3656558198925,35.85806000000002,26.048429999999996,25.646374637096795,744
2018-08-01,28.400000000000002,77.30000000000001,30.141868844086044,35.52502000000004,25.986199999999997,25.970263750000022,744
2018-08-01,28.650000000000002,76.80000000000001,30.55014965053766,36.04513000000003,26.085000000000036,25.618466438172064,744
2018-08-01,28.650000000000002,77.05000000000001,30.26865998655916,35.63638000000003,25.98580000000004,25.85417711021508,744
2018-08-01,28.650000000000002,77.30000000000001,30.001931155914004,35.22720000000004,25.9135,26.048209475806473,744
2018-08-01,28.900000000000002,76.80000000000001,30.316540819892495,35.63130000000001,25.880359999999996,25.86973059139787,744
2018-08-01,28.900000000000002,77.05000000000001,30.05959241935486,35.33328,25.80728000000005,26.025035779569915,744
2018-08-01,28.900000000000002,77.30000000000001,29.795839341397873,35.02368000000001,25.7235,26.194857096774218,744
2018-09-01,28.400000000000002,76.80000000000001,28.39422806944447,36.177580000000034,22.723659999999995,23.406466958333354,720
2018-09-01,28.400000000000002,77.05000000000001,28.222541444444463,35.56167000000005,22.76666,23.773595055555578,720
2018-09-01,28.400000000000002,77.30000000000001,28.128281986111134,35.06820000000005,22.589800000000025,24.203736805555575,720
2018-09-01,28.650000000000002,76.80000000000001,28.37011263888891,35.77270000000004,22.49520000000001,23.8047290277778,720
2018-09-01,28.650000000000002,77.05000000000001,28.187579708333356,35.12264000000005,22.33163000000002,24.136852611111134,720
2018-09-01,28.650000000000002,77.30000000000001,28.059915569444467,34.80322000000001,22.24594000000002,24.350754958333354,720
2018-09-01,28.900000000000002,76.80000000000001,28.20316613888891,35.1739,22.087800000000016,24.154455097222247,720
2018-09-01,28.900000000000002,77.05000000000001,28.063933888888908,34.746939999999995,22.05847,24.32872729166669,720
2018-09-01,28.900000000000002,77.30000000000001,27.939219500000025,34.471640000000036,22.026820000000043,24.498017972222247,720
2018-10-01,28.400000000000002,76.80000000000001,26.340214986559165,36.313199999999995,16.47564,16.42245232526884,744
2018-10-01,28.400000000000002,77.05000000000001,25.8846209543011,35.83077000000003,16.461850000000027,17.227093924731204,744
2018-10-01,28.400000000000002,77.30000000000001,25.41802919354841,35.29153000000002,16.164900000000046,18.151218978494647,744
2018-10-01,28.650000000000002,76.80000000000001,25.70480244623658,35.52474000000001,15.822720000000004,17.37292228494626,744
2018-10-01,28.650000000000002,77.05000000000001,25.27290918010755,35.080600000000004,15.799300000000017,18.08628157258067,744
2018-10-01,28.650000000000002,77.30000000000001,25.031177741935505,34.855920000000026,15.935660000000041,18.461280846774216,744
2018-10-01,28.900000000000002,76.80000000000001,24.986737956989266,34.87130000000002,15.305229999999995,18.044431115591422,744
2018-10-01,28.900000000000002,77.05000000000001,24.759793951612924,34.7278,15.38757000000004,18.43855416666669,744
2018-10-01,28.900000000000002,77.30000000000001,24.57759626344088,34.61926,15.059780000000046,18.73194592741938,744
2018-11-01,28.400000000000002,76.80000000000001,21.040764750000022,33.48275000000001,11.551420000000007,12.238047208333358,720
2018-11-01,28.400000000000002,77.05000000000001,20.80970516666669,32.76522,12.071439999999996,12.681179125000021,720
2018-11-01,28.400000000000002,77.30000000000001,20.525121083333353,32.00350000000003,11.809840000000008,13.255943763888911,720
2018-11-01,28.650000000000002,76.80000000000001,20.557311638888912,32.85232000000002,11.083640000000003,12.830372569444467,720
2018-11-01,28.650000000000002,77.05000000000001,20.301696472222247,32.04104000000001,11.117600000000039,13.266199236111134,720
2018-11-01,28.650000000000002,77.30000000000001,20.071102930555575,31.26687000000004,11.274620000000027,13.591830291666689,720
2018-11-01,28.900000000000002,76.80000000000001,20.0532585277778,31.801720000000046,10.410180000000025,13.20620079166669,720
2018-11-01,28.900000000000002,77.05000000000001,19.826244236111133,30.982140000000015,10.497700000000009,13.525689458333355,720
2018-11-01,28.900000000000002,77.30000000000001,19.6133645277778,30.285180000000025,10.585530000000006,13.816097180555577,720
2018-12-01,28.400000000000002,76.80000000000001,14.512062567204325,26.85680000000002,4.353049999999996,7.690238521505399,744
2018-12-01,28.400000000000002,77.05000000000001,14.455458655914,26.61450000000002,5.146450000000016,8.065574637096796,744
2018-12-01,28.400000000000002,77.30000000000001,14.272101599462388,26.371669999999995,4.8667200000000435,8.60488919354841,744
2018-12-01,28.650000000000002,76.80000000000001,14.081003911290345,26.376300000000015,4.403770000000009,8.24757611559142,744
2018-12-01,28.650000000000002,77.05000000000001,13.965253373655937,26.11862000000002,4.530630000000031,8.630163360215077,744
2018-12-01,28.650000000000002,77.30000000000001,13.896476102150562,25.90524000000005,4.485500000000002,8.897031169354861,744
2018-12-01,28.900000000000002,76.80000000000001,13.721796182795721,25.890160000000037,4.2513700000000085,8.674948655914001,744
2018-12-01,28.900000000000002,77.05000000000001,13.607766236559161,25.524699999999996,4.4397200000000225,8.939988225806475,744
2018-12-01,28.900000000000002,77.30000000000001,13.576323279569916,25.318570000000022,4.42172000000005,9.155372526881743,744
2019-01-01,28.400000000000002,76.80000000000001,13.690073669354861,27.409400000000005,5.938840000000027,7.948187473118301,744
2019-01-01,28.400000000000002,77.05000000000001,13.700922620967765,27.161900000000003,5.66778000000005,8.140472204301098,744
2019-01-01,28.400000000000002,77.30000000000001,13.654858991935505,26.66640000000001,5.252859999999998,8.46296344086024,744
2019-01-01,28.650000000000002,76.80000000000001,13.43657541666669,26.448450000000037,5.542380000000037,8.168778991935506,744
2019-01-01,28.650000000000002,77.05000000000001,13.416593212365614,26.211150000000032,4.882000000000005,8.374508534946257,744
2019-01-01,28.650000000000002,77.30000000000001,13.466520981182818,26.022670000000005,4.830560000000048,8.5459160215054,744
2019-01-01,28.900000000000002,76.80000000000001,13.184274489247334,25.17240000000004,4.754100000000051,8.386017795698947,744
2019-01-01,28.900000000000002,77.05000000000001,13.22647814516131,25.148830000000032,4.250850000000014,8.553018951612925,744
2019-01-01,28.900000000000002,77.30000000000001,13.315962392473141,25.105500000000006,4.399600000000021,8.687918642473141,744
2019-02-01,28.400000000000002,76.80000000000001,16.219382708333356,27.74490000000003,7.409330000000011,10.920121443452404,672
2019-02-01,28.400000000000002,77.05000000000001,16.079757529761928,27.388120000000015,7.731800000000021,11.324665535714308,672
2019-02-01,28.400000000000002,77.30000000000001,15.975476235119071,27.281900000000007,7.850120000000004,11.754693065476214,672
2019-02-01,28.650000000000002,76.80000000000001,16.037925000000023,27.73037000000005,7.1933500000000095,11.15715611607145,672
2019-02-01,28.650000000000002,77.05000000000001,15.882370029761928,27.336400000000026,7.5478500000000395,11.571435163690499,672
2019-02-01,28.650000000000002,77.30000000000001,15.857879598214307,27.168360000000007,8.153160000000014,11.847203437500022,672
2019-02-01,28.900000000000002,76.80000000000001,15.741560773809546,27.32202000000001,7.1150499999999965,11.399677693452404,672
2019-02-01,28.900000000000002,77.05000000000001,15.705790252976211,27.139030000000048,7.719100000000026,11.704067738095262,672
2019-02-01,28.900000000000002,77.30000000000001,15.734668764880976,27.073360000000037,8.24087000000003,11.922725639880975,672
2019-03-01,28.400000000000002,76.80000000000001,21.94915006720432,38.55123000000003,9.555570000000046,11.480286760752708,744
2019-03-01,28.400000000000002,77.05000000000001,21.676596438172066,38.18948,9.562520000000006,12.094933212365614,744
2019-03-01,28.400000000000002,77.30000000000001,21.39834377688174,37.52896000000004,9.264300000000048,12.807511639784968,744
2019-03-01,28.650000000000002,76.80000000000001,21.645475483870992,37.89272,9.223569999999995,11.905783830645186,744
2019-03-01,28.650000000000002,77.05000000000001,21.28522176075271,37.438000000000045,9.152000000000044,12.577246357526905,744
2019-03-01,28.650000000000002,77.30000000000001,21.031591948924756,36.856100000000026,9.384600000000034,13.061573857526906,744
2019-03-01,28.900000000000002,76.80000000000001,21.17974672043013,37.10507000000001,8.937100000000044,12.397997580645185,744
2019-03-01,28.900000000000002,77.05000000000001,20.95464127688174,36.65365000000003,9.099800000000016,12.837837298387118,744
2019-03-01,28.900000000000002,77.30000000000001,20.787219341397872,36.17172000000005,9.50036,13.197410564516153,744
2019-04-01,28.400000000000002,76.80000000000001,30.559316722222245,43.75277,17.742970000000014,14.878890069444466,720
2019-04-01,28.400000000000002,77.05000000000001,30.444103027777803,43.79340000000002,17.70464000000004,15.194878736111132,720
2019-04-01,28.400000000000002,77.30000000000001,30.13169676388891,43.82772,17.50698,15.774704333333355,720
2019-04-01,28.650000000000002,76.80000000000001,30.1359796527778,43.94540000000001,17.70500000000004,15.288505208333355,720
2019-04-01,28.650000000000002,77.05000000000001,29.91113943055558,43.92166000000003,17.67184000000003,15.671021680555578,720
2019-04-01,28.650000000000002,77.30000000000001,29.62313094444447,43.64422000000002,17.03176000000002,16.032021125000025,720
2019-04-01,28.900000000000002,76.80000000000001,29.547099208333357,43.80800000000005,17.57937000000004,15.708079888888912,720
2019-04-01,28.900000000000002,77.05000000000001,29.300659472222247,43.536040000000014,16.487570000000005,16.047340375000026,720
2019-04-01,28.900000000000002,77.30000000000001,29.050523013888913,43.18588,15.17470000000003,16.35967029166669,720
2019-05-01,28.400000000000002,76.80000000000001,33.01478411290325,45.15884,22.09155000000004,15.108803225806474,744
2019-05-01,28.400000000000002,77.05000000000001,33.095542553763465,45.346000000000004,22.6875,15.121696021505398,744
2019-05-01,28.400000000000002,77.30000000000001,32.98755649193551,45.29574000000002,23.108640000000037,15.402129032258086,744
2019-05-01,28.650000000000002,76.80000000000001,32.79012934139787,45.10220000000004,21.79254000000003,15.134870188172066,744
2019-05-01,28.650000000000002,77.05000000000001,32.79732620967744,45.180380000000014,22.369619999999998,15.20321922043013,744
2019-05-01,28.650000000000002,77.30000000000001,32.62411051075271,44.974940000000004,22.785150000000044,15.40670368279572,744
2019-05-01,28.900000000000002,76.80000000000001,32.543157567204325,45.0487,21.729880000000037,15.0791085887097,744
2019-05-01,28.900000000000002,77.05000000000001,32.39304817204304,44.84988000000004,22.22980000000001,15.254113776881745,744
2019-05-01,28.900000000000002,77.30000000000001,32.19011963709679,44.59728000000001,22.4384,15.466829516129053,744
2019-06-01,28.400000000000002,76.80000000000001,35.21331713888891,46.153250000000014,25.153530000000046,20.491140986111134,720
2019-06-01,28.400000000000002,77.05000000000001,34.99711058333335,45.93643000000003,24.982799999999997,20.779697750000025,720
2019-06-01,28.400000000000002,77.30000000000001,34.74777669444447,45.69604000000004,24.808250000000044,21.226436611111133,720
2019-06-01,28.650000000000002,76.80000000000001,34.87944555555558,45.84734000000003,24.218740000000025,20.754054236111134,720
2019-06-01,28.650000000000002,77.05000000000001,34.5644259027778,45.46554000000003,23.98920000000004,21.112991958333357,720
2019-06-01,28.650000000000002,77.30000000000001,34.21015663888891,44.77737000000002,24.080160000000035,21.516554888888912,720
2019-06-01,28.900000000000002,76.80000000000001,34.484559416666684,45.562430000000006,23.4692,20.8674580277778,720
2019-06-01,28.900000000000002,77.05000000000001,34.10855013888891,44.97150000000005,23.437100000000044,21.27372979166669,720
2019-06-01,28.900000000000002,77.30000000000001,33.75893737500002,44.176900000000046,23.622860000000003,21.66851472222225,720
2019-07-01,28.400000000000002,76.80000000000001,31.574606008064542,41.67184000000003,25.273680000000013,24.845870443548414,744
2019-07-01,28.400000000000002,77.05000000000001,31.20423416666669,41.46203000000003,25.002440000000036,25.147892110215075,744
2019-07-01,28.400000000000002,77.30000000000001,30.997912956989268,41.20410000000004,24.965300000000013,25.44524987903228,744
2019-07-01,28.650000000000002,76.80000000000001,31.47564557795701,41.497280000000046,24.89694000000003,25.089435940860238,744
2019-07-01,28.650000000000002,77.05000000000001,31.055787849462387,41.11940000000004,24.687220000000025,25.404015201612925,744
2019-07-01,28.650000000000002,77.30000000000001,30.74108349462368,40.50870000000003,24.65360000000004,25.669623104838735,744
2019-07-01,28.900000000000002,76.80000000000001,31.199375739247337,41.34158000000002,24.605980000000045,25.341640658602174,744
2019-07-01,28.900000000000002,77.05000000000001,30.84614366935486,40.6429,24.523900000000026,25.60117904569895,744
2019-07-01,28.900000000000002,77.30000000000001,30.541450725806474,39.96816000000001,24.50436000000002,25.855340403225828,744
2019-08-01,28.400000000000002,76.80000000000001,30.171951599462385,36.276880000000006,25.456700000000012,25.938749543010776,744
2019-08-01,28.400000000000002,77.05000000000001,30.008846357526906,36.13620000000003,25.455960000000005,26.102545725806472,744
2019-08-01,28.400000000000002,77.30000000000001,29.977675658602177,36.122100000000046,25.47380000000004,26.302099731182818,744
2019-08-01,28.650000000000002,76.80000000000001,30.265495255376365,36.54880000000003,25.195280000000025,26.133196559139808,744
2019-08-01,28.650000000000002,77.05000000000001,30.08904560483873,36.391440000000046,25.247770000000003,26.27828606182798,744
2019-08-01,28.650000000000002,77.30000000000001,29.987008360215075,36.4203,25.17706000000004,26.341179422043034,744
2019-08-01,28.900000000000002,76.80000000000001,30.190916935483894,36.40008,24.76165000000003,26.312025564516155,744
2019-08-01,28.900000000000002,77.05000000000001,30.067752123655936,36.343770000000006,24.89724000000001,26.3671910887097,744
2019-08-01,28.900000000000002,77.30000000000001,29.96579870967744,36.38240000000002,24.83140000000003,26.405214637096798,744
2019-09-01,28.400000000000002,76.80000000000001,29.90737029166669,39.02346,23.316580000000044,25.065756486111134,720
2019-09-01,28.400000000000002,77.05000000000001,29.44492626388891,37.928060000000016,23.381680000000017,25.360365222222242,720
2019-09-01,28.400000000000002,77.30000000000001,29.208174583333356,37.19747000000001,23.65133000000003,25.595237458333354,720
2019-09-01,28.650000000000002,76.80000000000001,29.85390554166669,38.41050000000001,23.531200000000013,25.272432847222248,720
2019-09-01,28.650000000000002,77.05000000000001,29.403050555555577,37.35745000000003,23.570460000000026,25.53879091666669,720
2019-09-01,28.650000000000002,77.30000000000001,29.21717848611113,36.884060000000034,23.512900000000002,25.596574236111135,720
2019-09-01,28.900000000000002,76.80000000000001,29.555422861111133,37.29897,23.489250000000027,25.5350665277778,720
2019-09-01,28.900000000000002,77.05000000000001,29.3509321527778,36.835230000000024,23.49896000000001,25.604812902777798,720
2019-09-01,28.900000000000002,77.30000000000001,29.21145805555558,36.48140000000001,23.288020000000017,25.623739194444468,720
2019-10-01,28.400000000000002,76.80000000000001,26.94880223118282,35.87760000000003,18.649800000000027,17.43563370967744,744
2019-10-01,28.400000000000002,77.05000000000001,26.208721344086044,34.57943,18.06880000000001,18.50251418010755,744
2019-10-01,28.400000000000002,77.30000000000001,25.688169381720453,33.57900000000001,17.353880000000004,19.425878870967765,744
2019-10-01,28.650000000000002,76.80000000000001,26.738039220430128,35.581500000000005,18.239160000000027,17.845197096774218,744
2019-10-01,28.650000000000002,77.05000000000001,25.98522315860217,34.23733000000004,17.663170000000036,18.86547110215056,744
2019-10-01,28.650000000000002,77.30000000000001,25.558321155914,33.47555,17.05782000000005,19.4619610887097,744
2019-10-01,28.900000000000002,76.80000000000001,26.265500000000024,34.99783000000002,17.72326000000004,18.35006424731185,744
2019-10-01,28.900000000000002,77.05000000000001,25.742890430107547,34.03958,17.456780000000037,19.082313521505398,744
2019-10-01,28.900000000000002,77.30000000000001,25.34923790322583,33.44836000000004,16.934600000000046,19.630308104838733,744
2019-11-01,28.400000000000002,76.80000000000001,21.587928402777802,33.68430000000001,12.101220000000012,14.192122388888912,720
2019-11-01,28.400000000000002,77.05000000000001,21.31645230555558,32.802700000000016,12.159500000000037,14.43929854166669,720
2019-11-01,28.400000000000002,77.30000000000001,21.003965569444468,31.94833,12.122029999999995,14.797823194444467,720
2019-11-01,28.650000000000002,76.80000000000001,21.380299555555577,33.10787000000005,12.37393000000003,14.168690041666691,720
2019-11-01,28.650000000000002,77.05000000000001,21.089645222222245,32.21493000000004,12.337240000000008,14.4060894027778,720
2019-11-01,28.650000000000002,77.30000000000001,20.759327138888914,31.478229999999996,12.16927000000004,14.680114388888912,720
2019-11-01,28.900000000000002,76.80000000000001,21.016316055555578,32.275480000000016,12.686059999999998,14.16155430555558,720
2019-11-01,28.900000000000002,77.05000000000001,20.748059583333355,31.59298000000001,12.430170000000032,14.393299555555576,720
2019-11-01,28.900000000000002,77.30000000000001,20.415855333333354,30.91550000000001,12.209950000000049,14.671305944444468,720
2019-12-01,28.400000000000002,76.80000000000001,12.652564825268842,24.395140000000026,2.665670000000034,8.63449293010755,744
2019-12-01,28.400000000000002,77.05000000000001,12.589122083333358,24.076300000000003,2.4898600000000215,8.846549381720452,744
2019-12-01,28.400000000000002,77.30000000000001,12.537681330645183,23.940150000000017,2.3308300000000486,9.077975913978516,744
2019-12-01,28.650000000000002,76.80000000000001,12.583289543010777,24.207850000000008,2.759330000000034,8.694213870967763,744
2019-12-01,28.650000000000002,77.05000000000001,12.49697982526884,23.997280000000046,2.997029999999995,8.91702538978497,744
2019-12-01,28.650000000000002,77.30000000000001,12.442312190860237,24.043420000000026,3.1115400000000477,9.126960228494646,744
2019-12-01,28.900000000000002,76.80000000000001,12.391213212365614,24.052400000000034,2.9943000000000097,8.771305940860238,744
2019-12-01,28.900000000000002,77.05000000000001,12.35846418010755,24.07660000000004,3.435200000000009,9.008322190860238,744
2019-12-01,28.900000000000002,77.30000000000001,12.321860322580667,24.122280000000046,3.7561300000000415,9.220714637096796,744
2020-01-01,28.400000000000002,76.80000000000001,12.887219744623678,22.578100000000006,2.791530000000023,9.049526935483893,744
2020-01-01,28.400000000000002,77.05000000000001,12.91059036290325,22.313930000000028,2.7171000000000163,9.27102178763443,744
2020-01-01,28.400000000000002,77.30000000000001,12.931375631720453,22.06600000000003,2.630730000000028,9.536240241935507,744
2020-01-01,28.650000000000002,76.80000000000001,12.723061801075293,22.185420000000022,2.477260000000001,9.117485510752712,744
2020-01-01,28.650000000000002,77.05000000000001,12.733780376344107,21.892970000000048,2.4273300000000404,9.339949731182818,744
2020-01-01,28.650000000000002,77.30000000000001,12.822666599462389,21.71398000000005,2.3280300000000125,9.523174260752711,744
2020-01-01,28.900000000000002,76.80000000000001,12.50278034946239,21.672050000000013,2.3252500000000396,9.203422284946258,744
2020-01-01,28.900000000000002,77.05000000000001,12.578209381720452,21.71774000000005,2.3951000000000136,9.415031881720452,744
2020-01-01,28.900000000000002,77.30000000000001,12.689937594086043,21.845000000000027,2.3307000000000357,9.587850591397872,744
2020-02-01,28.400000000000002,76.80000000000001,16.787830732758646,27.722740000000044,6.597000000000037,10.157175804597726,696
2020-02-01,28.400000000000002,77.05000000000001,16.62722998563221,27.23780000000005,7.0353000000000065,10.534999094827608,696
2020-02-01,28.400000000000002,77.30000000000001,16.50246129310347,26.879080000000044,7.20052000000004,10.949939712643701,696
2020-02-01,28.650000000000002,76.80000000000001,16.560954583333356,27.366330000000005,6.560170000000028,10.487583778735655,696
2020-02-01,28.650000000000002,77.05000000000001,16.379794913793127,26.820500000000038,6.954600000000028,10.851506652298871,696
2020-02-01,28.650000000000002,77.30000000000001,16.34897147988508,26.517660000000035,7.162070000000028,11.092427916666692,696
2020-02-01,28.900000000000002,76.80000000000001,16.229876278735656,26.649500000000046,6.7494800000000055,10.851264267241403,696
2020-02-01,28.900000000000002,77.05000000000001,16.15682379310347,26.172270000000026,6.948180000000036,11.074537614942551,696
2020-02-01,28.900000000000002,77.30000000000001,16.15442380747129,26.068050000000028,6.8761499999999955,11.273967126436805,696
2020-03-01,28.400000000000002,76.80000000000001,21.113578373655937,32.117639999999994,11.778400000000033,14.790900954301097,744
2020-03-01,28.400000000000002,77.05000000000001,21.009054422043036,31.84725000000003,11.95535000000001,15.115983346774216,744
2020-03-01,28.400000000000002,77.30000000000001,20.93525112903228,31.71807000000001,12.201800000000048,15.506547822580668,744
2020-03-01,28.650000000000002,76.80000000000001,20.842223225806475,31.611320000000035,11.679650000000038,15.116089301075291,744
2020-03-01,28.650000000000002,77.05000000000001,20.72753666666669,31.295830000000024,11.87856000000005,15.426728145161313,744
2020-03-01,28.650000000000002,77.30000000000001,20.743052956989267,31.223900000000015,12.341200000000015,15.591575712365614,744
2020-03-01,28.900000000000002,76.80000000000001,20.534551505376363,30.912300000000016,11.61850000000004,15.337667123655937,744
2020-03-01,28.900000000000002,77.05000000000001,20.565364784946258,30.853170000000034,11.939300000000003,15.495333131720452,744
2020-03-01,28.900000000000002,77.30000000000001,20.62574604838712,30.87808000000001,12.370420000000024,15.599471424731206,744
2020-04-01,28.400000000000002,76.80000000000001,28.269920763888912,39.66820000000001,16.50735000000003,15.344336027777802,720
2020-04-01,28.400000000000002,77.05000000000001,27.907475388888912,39.028099999999995,16.621880000000033,15.902769916666688,720
2020-04-01,28.400000000000002,77.30000000000001,27.603304805555577,38.427670000000035,16.536429999999996,16.456059375000024,720
2020-04-01,28.650000000000002,76.80000000000001,27.729419055555578,38.918300000000045,16.11596000000003,15.877244583333354,720
2020-04-01,28.650000000000002,77.05000000000001,27.331477875000022,38.168300000000045,16.1644,16.445487847222243,720
2020-04-01,28.650000000000002,77.30000000000001,27.220785930555575,37.96570000000003,16.38497000000001,16.66356480555558,720
2020-04-01,28.900000000000002,76.80000000000001,27.20570288888891,38.2783,15.965540000000033,16.257146444444466,720
2020-04-01,28.900000000000002,77.05000000000001,27.03153559722224,38.14376000000004,16.16592000000003,16.546418375000023,720
2020-04-01,28.900000000000002,77.30000000000001,27.01344583333336,38.18700000000001,16.398920000000032,16.65770641666669,720
2020-05-01,28.400000000000002,76.80000000000001,32.277816774193575,45.661519999999996,21.285270000000025,17.15019413978497,744
2020-05-01,28.400000000000002,77.05000000000001,31.699795779569918,45.14010000000002,21.105200000000025,17.91696864247314,744
2020-05-01,28.400000000000002,77.30000000000001,31.15606909946239,44.75668000000002,21.141080000000045,18.823720712365613,744
2020-05-01,28.650000000000002,76.80000000000001,31.705793266129056,45.483100000000036,21.026640000000043,17.644137163978517,744
2020-05-01,28.650000000000002,77.05000000000001,31.119965658602176,44.96890000000002,20.82516000000004,18.408199368279593,744
2020-05-01,28.650000000000002,77.30000000000001,30.713271276881745,44.34796,20.793480000000045,19.003127271505402,744
2020-05-01,28.900000000000002,76.80000000000001,31.088280174731207,45.270470000000046,20.70840000000004,18.018786895161313,744
2020-05-01,28.900000000000002,77.05000000000001,30.687863387096797,44.68777,20.614160000000027,18.569561142473137,744
2020-05-01,28.900000000000002,77.30000000000001,30.360924516129057,44.07006000000001,20.609860000000026,19.066297755376365,744
2020-06-01,28.400000000000002,76.80000000000001,33.132762236111134,43.28200000000004,23.806399999999996,22.976030833333354,720
2020-06-01,28.400000000000002,77.05000000000001,32.840987500000026,42.64657,23.627530000000036,23.37058712500002,720
2020-06-01,28.400000000000002,77.30000000000001,32.56812584722225,41.82552000000004,23.45168000000001,23.84692875000002,720
2020-06-01,28.650000000000002,76.80000000000001,32.67571425000003,42.108420000000024,23.282650000000046,23.554779375000024,720
2020-06-01,28.650000000000002,77.05000000000001,32.33184197222224,41.39828,23.062070000000006,23.963841750000025,720
2020-06-01,28.650000000000002,77.30000000000001,32.08397837500002,40.86898000000002,23.041200000000003,24.215623555555577,720
2020-06-01,28.900000000000002,76.80000000000001,32.1011420277778,40.912000000000035,22.72878000000003,24.080629250000023,720
2020-06-01,28.900000000000002,77.05000000000001,31.842156486111133,40.30020000000002,22.814660000000003,24.3478925277778,720
2020-06-01,28.900000000000002,77.30000000000001,31.6426100277778,39.87814000000003,22.82030000000003,24.54178406944447,720
2020-07-01,28.400000000000002,76.80000000000001,31.78208231182798,41.80984000000001,24.98230000000001,25.485360376344108,744
2020-07-01,28.400000000000002,77.05000000000001,31.51933430107529,41.349199999999996,24.777520000000038,25.642275672043034,744
2020-07-01,28.400000000000002,77.30000000000001,31.285847889784968,40.936980000000005,24.90127000000001,25.888936774193574,744
2020-07-01,28.650000000000002,76.80000000000001,31.51886856182798,41.19840000000005,24.751149999999996,25.740846787634432,744
2020-07-01,28.650000000000002,77.05000000000001,31.205855322580668,40.59010000000001,24.574600000000032,25.90709000000002,744
2020-07-01,28.650000000000002,77.30000000000001,30.949672486559162,39.951930000000004,24.770100000000014,26.053395389784967,744
2020-07-01,28.900000000000002,76.80000000000001,31.120342540322603,40.56497000000002,24.511000000000024,25.99145620967744,744
2020-07-01,28.900000000000002,77.05000000000001,30.8234387903226,39.75228000000004,24.55000000000001,26.136346532258088,744
2020-07-01,28.900000000000002,77.30000000000001,30.589052674731207,39.0496,24.67440000000005,26.260962137096797,744
2020-08-01,28.400000000000002,76.80000000000001,30.297408494623678,37.13235000000003,25.23440000000005,26.00975103494626,744
2020-08-01,28.400000000000002,77.05000000000001,30.05604162634411,36.919399999999996,25.430630000000008,26.161629341397873,744
2020-08-01,28.400000000000002,77.30000000000001,29.921992836021527,36.51147000000003,25.86500000000001,26.361997002688195,744
2020-08-01,28.650000000000002,76.80000000000001,30.32202369623658,36.85122000000001,25.371180000000038,26.20273596774196,744
2020-08-01,28.650000000000002,77.05000000000001,30.05858467741938,36.43890000000005,25.53280000000001,26.343315712365616,744
2020-08-01,28.650000000000002,77.30000000000001,29.87487184139787,36.15893,25.729240000000004,26.416233991935506,744
2020-08-01,28.900000000000002,76.80000000000001,30.154081021505398,36.33773000000002,25.464930000000038,26.410655631720456,744
2020-08-01,28.900000000000002,77.05000000000001,29.971995981182822,36.18954000000002,25.47085000000004,26.47703012096777,744
2020-08-01,28.900000000000002,77.30000000000001,29.812026290322603,36.05215000000004,25.62563,26.52293244623658,744
2020-09-01,28.400000000000002,76.80000000000001,31.50220826388891,39.51052000000004,23.97756000000004,23.048925000000022,720
2020-09-01,28.400000000000002,77.05000000000001,31.059531180555577,38.57546000000002,23.473780000000033,23.6822350277778,720
2020-09-01,28.400000000000002,77.30000000000001,30.691572513888914,37.837980000000016,22.78970000000004,24.3747645277778,720
2020-09-01,28.650000000000002,76.80000000000001,31.315728222222248,39.409880000000044,23.22225000000003,23.477884569444466,720
2020-09-01,28.650000000000002,77.05000000000001,30.790420375000025,38.34194000000002,22.59835000000004,24.15670351388891,720
2020-09-01,28.650000000000002,77.30000000000001,30.464781847222245,37.555139999999994,22.202660000000037,24.619567430555577,720
2020-09-01,28.900000000000002,76.80000000000001,30.8275176527778,38.66805000000005,22.563260000000014,24.04650418055558,720
2020-09-01,28.900000000000002,77.05000000000001,30.47502629166669,37.90414000000004,22.211760000000027,24.526155097222247,720
2020-09-01,28.900000000000002,77.30000000000001,30.225164652777803,37.23568,21.853229999999996,24.906663277777803,720
2020-10-01,28.400000000000002,76.80000000000001,26.61260899193551,38.03048000000001,13.947440000000029,13.58570610215056,744
2020-10-01,28.400000000000002,77.05000000000001,26.49157786290325,37.47183000000001,14.608300000000042,14.238330416666692,744
2020-10-01,28.400000000000002,77.30000000000001,26.199209260752713,36.91708,14.882100000000037,15.254726357526904,744
2020-10-01,28.650000000000002,76.80000000000001,25.956139516129056,37.68588,13.66375000000005,14.754298333333358,744
2020-10-01,28.650000000000002,77.05000000000001,25.692834677419377,36.93900000000002,13.971280000000036,15.580396747311852,744
2020-10-01,28.650000000000002,77.30000000000001,25.366098709677445,36.09133000000003,13.822000000000003,16.29257599462368,744
2020-10-01,28.900000000000002,76.80000000000001,25.23134712365594,37.00857000000002,13.558680000000038,15.845478346774216,744
2020-10-01,28.900000000000002,77.05000000000001,24.982373790322605,36.289450000000045,13.175440000000037,16.551193978494645,744
2020-10-01,28.900000000000002,77.30000000000001,24.712925551075294,35.500699999999995,12.947100000000034,17.13770982526884,744
2020-11-01,28.400000000000002,76.80000000000001,18.978018319444466,32.02737000000002,9.678600000000017,10.166813236111134,720
2020-11-01,28.400000000000002,77.05000000000001,19.116898527777803,32.16660000000002,9.275599999999997,10.152437694444465,720
2020-11-01,28.400000000000002,77.30000000000001,19.041589680555578,32.12295,8.963459999999998,10.483323208333356,720
2020-11-01,28.650000000000002,76.80000000000001,18.49067216666669,31.236230000000035,9.453450000000032,10.772857930555576,720
2020-11-01,28.650000000000002,77.05000000000001,18.523391069444465,31.20156000000003,8.887699999999995,10.86917305555558,720
2020-11-01,28.650000000000002,77.30000000000001,18.368516986111135,30.810820000000035,8.537000000000035,11.176172527777801,720
2020-11-01,28.900000000000002,76.80000000000001,18.07149788888891,30.430750000000046,8.801750000000027,11.169693847222245,720
2020-11-01,28.900000000000002,77.05000000000001,17.955739430555578,30.09432000000004,8.377679999999998,11.445303569444468,720
2020-11-01,28.900000000000002,77.30000000000001,17.805650000000025,29.662130000000047,8.081380000000024,11.751550111111133,720
2020-12-01,28.400000000000002,76.80000000000001,14.817300846774216,28.58077000000003,3.9623700000000213,8.243774744623678,744
2020-12-01,28.400000000000002,77.05000000000001,14.981719852150562,28.572100000000034,4.203450000000032,8.264717043010776,744
2020-12-01,28.400000000000002,77.30000000000001,14.859832029569914,28.207060000000013,4.2327999999999975,8.574155685483895,744
2020-12-01,28.650000000000002,76.80000000000001,14.36319491935486,27.82736,3.947400000000016,8.721794905914,744
2020-12-01,28.650000000000002,77.05000000000001,14.444895752688197,27.725600000000043,4.1868500000000495,8.792373884408626,744
2020-12-01,28.650000000000002,77.30000000000001,14.361694099462389,27.393550000000005,4.498860000000036,8.983643346774217,744
2020-12-01,28.900000000000002,76.80000000000001,13.970245255376366,26.862570000000005,3.678100000000029,9.048488104838732,744
2020-12-01,28.900000000000002,77.05000000000001,13.897859852150559,26.538400000000024,3.7697000000000003,9.232101801075292,744
2020-12-01,28.900000000000002,77.30000000000001,13.819887661290347,26.52868000000001,4.099760000000003,9.41072305107529,744
2021-01-01,28.400000000000002,76.80000000000001,13.210957083333357,22.895320000000027,4.565899999999999,9.120015712365614,744
2021-01-01,28.400000000000002,77.05000000000001,13.341522836021529,22.932800000000043,4.714070000000049,9.182300510752711,744
2021-01-01,28.400000000000002,77.30000000000001,13.366919126344108,23.02206000000001,4.58322000000004,9.34022110215056,744
2021-01-01,28.650000000000002,76.80000000000001,12.997664583333355,22.55940000000004,4.5932300000000055,9.279749569892497,744
2021-01-01,28.650000000000002,77.05000000000001,13.07026482526884,22.61877000000004,4.692830000000015,9.373824408602173,744
2021-01-01,28.650000000000002,77.30000000000001,13.107364959677442,22.599199999999996,4.585020000000043,9.508039327957011,744
2021-01-01,28.900000000000002,76.80000000000001,12.758331922043032,22.335140000000024,4.28167000000002,9.42632416666669,744
2021-01-01,28.900000000000002,77.05000000000001,12.808997150537657,22.650840000000017,4.0875500000000216,9.569944704301099,744
2021-01-01,28.900000000000002,77.30000000000001,12.876392473118301,22.65590000000003,3.934529999999995,9.699948803763464,744
2021-02-01,28.400000000000002,76.80000000000001,19.09373440476193,33.42202000000003,7.489680000000021,11.377937247023832,672
2021-02-01,28.400000000000002,77.05000000000001,19.108294017857165,33.56650000000002,8.399530000000027,11.483175520833358,672
2021-02-01,28.400000000000002,77.30000000000001,18.783904940476212,33.169460000000015,8.538960000000031,12.126163139880974,672
2021-02-01,28.650000000000002,76.80000000000001,18.54481541666669,32.76046000000002,8.27370000000002,12.133071651785736,672
2021-02-01,28.650000000000002,77.05000000000001,18.507002678571453,32.78134,8.40963000000005,12.284752247023832,672
2021-02-01,28.650000000000002,77.30000000000001,18.41208148809526,32.415549999999996,8.366240000000005,12.584301086309546,672
2021-02-01,28.900000000000002,76.80000000000001,18.003600014880973,32.03738000000004,7.768640000000005,12.77730090773812,672
2021-02-01,28.900000000000002,77.05000000000001,18.01866535714288,31.817470000000014,8.079949999999997,12.965094434523833,672
2021-02-01,28.900000000000002,77.30000000000001,18.013868824404785,31.525000000000034,8.016999999999996,13.176869002976213,672
2021-03-01,28.400000000000002,76.80000000000001,25.24445969086024,39.62533000000002,14.751550000000009,13.245344260752711,744
2021-03-01,28.400000000000002,77.05000000000001,25.387257446236582,39.91354000000001,14.98135000000002,13.09886174731185,744
2021-03-01,28.400000000000002,77.30000000000001,25.048886438172065,39.48525000000001,14.542700000000025,13.536142728494646,744
2021-03-01,28.650000000000002,76.80000000000001,24.634648319892495,38.46536000000003,14.314600000000041,13.956425685483893,744
2021-03-01,28.650000000000002,77.05000000000001,24.69242532258067,38.66470000000004,14.612760000000037,13.876969690860237,744
2021-03-01,28.650000000000002,77.30000000000001,24.472828696236583,38.37972000000002,14.56152000000003,14.086252459677441,744
2021-03-01,28.900000000000002,76.80000000000001,23.92857111559142,37.064099999999996,13.783470000000023,14.57966235215056,744
2021-03-01,28.900000000000002,77.05000000000001,23.859198615591424,36.91342000000003,14.194500000000005,14.595241814516152,744
2021-03-01,28.900000000000002,77.30000000000001,23.709121465053784,36.6542,14.230130000000031,14.726984247311853,744
2021-04-01,28.400000000000002,76.80000000000001,29.26609951388891,42.07320000000004,17.16805000000005,10.10947479166669,720
2021-04-01,28.400000000000002,77.05000000000001,29.744084944444467,42.610900000000015,17.417320000000018,9.65813491666669,720
2021-04-01,28.400000000000002,77.30000000000001,29.7475409027778,42.81790000000001,17.102750000000015,9.892357708333357,720
2021-04-01,28.650000000000002,76.80000000000001,28.778031027777804,42.09597000000002,16.31570000000005,10.752605569444468,720
2021-04-01,28.650000000000002,77.05000000000001,29.13697912500002,42.48577,16.42440000000005,10.430746791666689,720
2021-04-01,28.650000000000002,77.30000000000001,29.14141604166669,42.286220000000014,16.439540000000022,10.570804916666686,720
2021-04-01,28.900000000000002,76.80000000000001,28.29143362500002,42.23962,14.950040000000001,11.211969819444468,720
2021-04-01,28.900000000000002,77.05000000000001,28.339175847222243,42.0471,14.844570000000033,11.232576125000023,720
2021-04-01,28.900000000000002,77.30000000000001,28.33413468055558,41.74380000000002,14.884850000000029,11.358590652777801,720
2021-05-01,28.400000000000002,76.80000000000001,31.01788370967744,40.61987000000005,21.233900000000006,17.819634892473143,744
2021-05-01,28.400000000000002,77.05000000000001,30.843400120967765,40.39780000000002,21.22335000000004,18.17518155913981,744
2021-05-01,28.400000000000002,77.30000000000001,30.415429838709702,39.97485,21.270960000000002,18.8640035215054,744
2021-05-01,28.650000000000002,76.80000000000001,30.80111373655916,40.82797000000005,21.429650000000038,18.107324489247336,744
2021-05-01,28.650000000000002,77.05000000000001,30.567387674731204,40.32443000000001,21.419849999999997,18.497274086021527,744
2021-05-01,28.650000000000002,77.30000000000001,30.12932362903228,39.54827,21.263540000000035,19.008752258064536,744
2021-05-01,28.900000000000002,76.80000000000001,30.580520725806476,41.04000000000002,21.40700000000004,18.230572459677443,744
2021-05-01,28.900000000000002,77.05000000000001,30.13481848118282,40.13500000000005,21.398650000000032,18.796307782258086,744
2021-05-01,28.900000000000002,77.30000000000001,29.696882405914,39.282280000000014,21.252980000000036,19.291009731182818,744
2021-06-01,28.400000000000002,76.80000000000001,33.27483009722224,42.82644000000005,24.33788000000004,21.8046149027778,720
2021-06-01,28.400000000000002,77.05000000000001,33.0714702777778,42.999630000000025,24.369169999999997,22.157760222222247,720
2021-06-01,28.400000000000002,77.30000000000001,32.679634791666686,43.04385000000002,24.42697000000004,22.745494722222244,720
2021-06-01,28.650000000000002,76.80000000000001,32.996224097222246,42.899699999999996,24.586450000000013,22.143029902777798,720
2021-06-01,28.650000000000002,77.05000000000001,32.69206579166669,43.00503000000003,24.51934,22.547650694444467,720
2021-06-01,28.650000000000002,77.30000000000001,32.21501986111113,42.865200000000016,24.275930000000017,23.032242750000023,720
2021-06-01,28.900000000000002,76.80000000000001,32.67355216666669,43.17452000000003,24.341150000000027,22.38237455555558,720
2021-06-01,28.900000000000002,77.05000000000001,32.15071379166669,42.886300000000006,24.10485,22.909407416666685,720
2021-06-01,28.900000000000002,77.30000000000001,31.6740422777778,42.64465000000001,23.82763,23.372884750000022,720
2021-07-01,28.400000000000002,76.80000000000001,32.11459478494626,42.24706000000003,25.837199999999996,24.903016774193574,744
2021-07-01,28.400000000000002,77.05000000000001,31.894936760752714,42.284230000000036,25.900660000000016,25.075427325268837,744
2021-07-01,28.400000000000002,77.30000000000001,31.689106424731207,42.24478000000005,25.830129999999997,25.323662728494647,744
2021-07-01,28.650000000000002,76.80000000000001,32.07264305107529,42.35700000000003,25.881430000000023,25.09802237903228,744
2021-07-01,28.650000000000002,77.05000000000001,31.79928244623658,42.21030000000002,25.88384000000002,25.280050161290347,744
2021-07-01,28.650000000000002,77.30000000000001,31.490426572580667,41.88363000000004,25.401880000000006,25.478795215053783,744
2021-07-01,28.900000000000002,76.80000000000001,31.81452603494626,42.19805000000002,25.865380000000016,25.294080900537654,744
2021-07-01,28.900000000000002,77.05000000000001,31.528192755376367,41.74172000000004,25.62542000000002,25.49286986559142,744
2021-07-01,28.900000000000002,77.30000000000001,31.23450057795701,41.348540000000014,25.153620000000046,25.68260811827959,744
2021-08-01,28.400000000000002,76.80000000000001,30.833920094086043,38.40154000000001,25.427200000000028,25.019197352150563,744
2021-08-01,28.400000000000002,77.05000000000001,30.545978306451637,37.90765000000005,25.306880000000035,25.340484744623677,744
2021-08-01,28.400000000000002,77.30000000000001,30.339546344086042,37.389520000000005,25.382600000000025,25.721376370967764,744
2021-08-01,28.650000000000002,76.80000000000001,30.899500860215074,38.233450000000005,25.579920000000016,25.26959474462368,744
2021-08-01,28.650000000000002,77.05000000000001,30.582038857526904,37.65566000000001,25.474850000000004,25.583919744623678,744
2021-08-01,28.650000000000002,77.30000000000001,30.34589041666669,37.166300000000035,25.530730000000005,25.80453799731185,744
2021-08-01,28.900000000000002,76.80000000000001,30.709259663978514,37.65610000000004,25.547200000000032,25.638447002688192,744
2021-08-01,28.900000000000002,77.05000000000001,30.507698978494645,37.290549999999996,25.46980000000002,25.818834731182818,744
2021-08-01,28.900000000000002,77.30000000000001,30.30383939516131,36.877440000000036,25.525260000000003,25.997576357526903,744
2021-09-01,28.400000000000002,76.80000000000001,28.853706486111136,34.53274000000005,24.811180000000036,25.2960616527778,720
2021-09-01,28.400000000000002,77.05000000000001,28.706908736111135,34.46768000000003,24.87563,25.443971986111134,720
2021-09-01,28.400000000000002,77.30000000000001,28.684301694444468,34.38217000000003,24.993130000000008,25.623228972222247,720
2021-09-01,28.650000000000002,76.80000000000001,28.841899097222246,34.47830000000005,24.77603000000005,25.441827833333356,720
2021-09-01,28.650000000000002,77.05000000000001,28.691866722222247,34.19912000000005,24.80352000000005,25.567806958333357,720
2021-09-01,28.650000000000002,77.30000000000001,28.644992375000022,34.2989,24.87673000000001,25.630710625000024,720
2021-09-01,28.900000000000002,76.80000000000001,28.674846569444465,34.33510000000001,24.360500000000002,25.55544251388891,720
2021-09-01,28.900000000000002,77.05000000000001,28.631648027777803,34.22772000000003,24.31600000000003,25.603970583333357,720
2021-09-01,28.900000000000002,77.30000000000001,28.607394236111134,34.39240000000001,24.399530000000027,25.64327173611113,720
2021-10-01,28.400000000000002,76.80000000000001,26.409360120967765,37.40438,15.66458,18.615102540322603,744
2021-10-01,28.400000000000002,77.05000000000001,26.085222016129055,36.55636000000004,15.607200000000034,19.304272486559164,744
2021-10-01,28.400000000000002,77.30000000000001,25.83754614247314,35.76570000000004,15.29418000000004,20.04793854838712,744
2021-10-01,28.650000000000002,76.80000000000001,26.168193172043033,36.98434000000003,15.349940000000004,19.119157486559164,744
2021-10-01,28.650000000000002,77.05000000000001,25.833262069892495,36.017300000000034,15.2731,19.765816545698947,744
2021-10-01,28.650000000000002,77.30000000000001,25.660012674731206,35.32510000000002,14.975060000000042,20.217322177419376,744
2021-10-01,28.900000000000002,76.80000000000001,25.73785120967744,36.067769999999996,14.884730000000047,19.670246317204324,744
2021-10-01,28.900000000000002,77.05000000000001,25.61924850806454,35.57552000000004,15.072600000000023,20.030919583333354,744
2021-10-01,28.900000000000002,77.30000000000001,25.499727029569915,35.01473000000004,15.250300000000038,20.404150645161316,744
2021-11-01,28.400000000000002,76.80000000000001,19.86872266666669,31.779200000000003,10.721699999999998,11.777892375000024,720
2021-11-01,28.400000000000002,77.05000000000001,19.547848791666688,30.923730000000035,11.025450000000035,12.35388191666669,720
2021-11-01,28.400000000000002,77.30000000000001,19.2174955277778,30.332539999999995,10.574580000000026,13.045335930555577,720
2021-11-01,28.650000000000002,76.80000000000001,19.5053954027778,31.426480000000026,10.340450000000033,12.152804805555578,720
2021-11-01,28.650000000000002,77.05000000000001,19.158511152777802,30.54208,10.675070000000005,12.704749194444467,720
2021-11-01,28.650000000000002,77.30000000000001,18.912046625000023,29.98750000000001,10.43365,13.08954541666669,720
2021-11-01,28.900000000000002,76.80000000000001,18.959036944444467,30.555499999999995,10.284019999999998,12.546254972222245,720
2021-11-01,28.900000000000002,77.05000000000001,18.807676680555577,30.08163000000002,10.585230000000024,12.817712125000023,720
2021-11-01,28.900000000000002,77.30000000000001,18.621703319444467,29.621970000000033,10.439420000000041,13.131456347222244,720
2021-12-01,28.400000000000002,76.80000000000001,14.8467123387097,26.23570000000001,5.483000000000004,9.195628776881744,744
2021-12-01,28.400000000000002,77.05000000000001,14.730993077957011,26.047020000000032,5.751120000000014,9.540309905914,744
2021-12-01,28.400000000000002,77.30000000000001,14.617630107526905,25.828400000000045,5.851830000000007,9.994018911290345,744
2021-12-01,28.650000000000002,76.80000000000001,14.571247553763463,26.11070000000001,5.38190000000003,9.47554491935486,744
2021-12-01,28.650000000000002,77.05000000000001,14.424566612903249,25.871000000000038,5.622400000000027,9.825469314516152,744
2021-12-01,28.650000000000002,77.30000000000001,14.388839717741957,25.698270000000036,5.805930000000046,10.071650873655937,744
2021-12-01,28.900000000000002,76.80000000000001,14.204130927419378,25.80773000000005,5.252560000000017,9.714194919354862,744
2021-12-01,28.900000000000002,77.05000000000001,14.204240658602172,25.73380000000003,5.61850000000004,9.939983696236581,744
2021-12-01,28.900000000000002,77.30000000000001,14.212303158602174,25.611500000000035,5.711400000000026,10.143441196236582,744
2022-01-01,28.400000000000002,76.80000000000001,12.830274543010775,22.811900000000037,6.2494800000000055,9.925277647849486,744
2022-01-01,28.400000000000002,77.05000000000001,12.753234395161313,22.639980000000037,6.506619999999998,10.053757822580668,744
2022-01-01,28.400000000000002,77.30000000000001,12.68132423387099,22.445550000000026,6.5694200000000365,10.229946397849485,744
2022-01-01,28.650000000000002,76.80000000000001,12.778902190860238,22.646299999999997,6.051840000000027,10.151027379032282,744
2022-01-01,28.650000000000002,77.05000000000001,12.687633158602173,22.446799999999996,6.316130000000044,10.26956547043013,744
2022-01-01,28.650000000000002,77.30000000000001,12.687011612903248,22.365440000000035,6.719400000000007,10.354790887096797,744
2022-01-01,28.900000000000002,76.80000000000001,12.595907715053787,22.048429999999996,5.908400000000029,10.299821451612926,744
2022-01-01,28.900000000000002,77.05000000000001,12.631124879032281,22.08035000000001,6.240200000000016,10.41221482526884,744
2022-01-01,28.900000000000002,77.30000000000001,12.675258024193571,22.078400000000045,6.661550000000034,10.490931290322603,744
2022-02-01,28.400000000000002,76.80000000000001,16.91377815476193,27.454920000000016,6.647100000000023,10.77750767857145,672
2022-02-01,28.400000000000002,77.05000000000001,16.73620479166669,27.055350000000033,7.104759999999999,11.035229211309545,672
2022-02-01,28.400000000000002,77.30000000000001,16.45863406250002,26.81985000000003,7.800560000000019,11.445126502976214,672
2022-02-01,28.650000000000002,76.80000000000001,16.64144586309526,26.92736000000002,6.309349999999995,11.237848645833356,672
2022-02-01,28.650000000000002,77.05000000000001,16.45688705357145,26.59814,6.711820000000046,11.463797559523831,672
2022-02-01,28.650000000000002,77.30000000000001,16.34526096726193,26.571860000000015,7.626800000000003,11.554333809523834,672
2022-02-01,28.900000000000002,76.80000000000001,16.339437663690497,26.51968000000005,6.049860000000024,11.544946279761925,672
2022-02-01,28.900000000000002,77.05000000000001,16.260565000000025,26.329300000000046,6.548100000000034,11.619283705357166,672
2022-02-01,28.900000000000002,77.30000000000001,16.198258645833356,26.27180000000004,7.471730000000036,11.651183392857165,672
2022-03-01,28.400000000000002,76.80000000000001,26.098434905913997,40.64620000000002,11.737570000000005,14.217208373655936,744
2022-03-01,28.400000000000002,77.05000000000001,25.758985134408626,40.34658000000002,11.84190000000001,14.790821357526905,744
2022-03-01,28.400000000000002,77.30000000000001,25.121726599462388,39.865620000000035,11.748860000000036,15.76303356182798,744
2022-03-01,28.650000000000002,76.80000000000001,25.376704838709703,39.71505000000002,11.557150000000036,15.382553494623679,744
2022-03-01,28.650000000000002,77.05000000000001,24.99920810483873,39.28793000000002,11.675100000000043,15.967266115591418,744
2022-03-01,28.650000000000002,77.30000000000001,24.788630793010775,39.04635000000002,12.004000000000019,16.285402903225826,744
2022-03-01,28.900000000000002,76.80000000000001,24.76895822580647,38.77224000000001,11.494169999999997,16.18257099462368,744
2022-03-01,28.900000000000002,77.05000000000001,24.595241908602173,38.434169999999995,11.755200000000002,16.493545268817225,744
2022-03-01,28.900000000000002,77.30000000000001,24.490807607526907,38.276760000000024,12.12936000000002,16.683394489247334,744
2022-04-01,28.400000000000002,76.80000000000001,32.682238902777804,44.12267000000003,21.388450000000034,10.834227194444468,720
2022-04-01,28.400000000000002,77.05000000000001,32.38858944444447,44.16458,21.002220000000023,11.6163105277778,720
2022-04-01,28.400000000000002,77.30000000000001,31.68568491666669,44.02480000000003,20.070760000000007,13.025673638888911,720
2022-04-01,28.650000000000002,76.80000000000001,31.957162416666687,43.918499999999995,20.596100000000035,12.1806115277778,720
2022-04-01,28.650000000000002,77.05000000000001,31.56774112500002,43.85806000000002,19.877400000000023,13.113453333333357,720
2022-04-01,28.650000000000002,77.30000000000001,31.234974611111138,43.66772000000003,19.597440000000006,13.853257652777799,720
2022-04-01,28.900000000000002,76.80000000000001,31.2110517777778,43.597470000000044,19.33065000000005,13.317934430555576,720
2022-04-01,28.900000000000002,77.05000000000001,30.727806819444467,43.254080000000044,19.01180000000005,14.324960236111133,720
2022-04-01,28.900000000000002,77.30000000000001,30.466795986111133,43.01400000000001,19.055930000000046,14.951030597222246,720
2022-05-01,28.400000000000002,76.80000000000001,34.60015862903228,46.07247000000001,20.695520000000045,18.117990779569915,744
2022-05-01,28.400000000000002,77.05000000000001,34.046731518817225,45.544520000000034,20.654840000000036,19.186050295698948,744
2022-05-01,28.400000000000002,77.30000000000001,33.244236532258086,44.524680000000046,20.294399999999996,20.549009489247332,744
2022-05-01,28.650000000000002,76.80000000000001,33.942901922043035,45.42703,20.77950000000004,19.055015672043034,744
2022-05-01,28.650000000000002,77.05000000000001,33.33286294354841,44.777300000000025,20.575980000000015,20.157771814516153,744
2022-05-01,28.650000000000002,77.30000000000001,32.73386809139787,43.784400000000005,20.268700000000024,21.024405672043034,744
2022-05-01,28.900000000000002,76.80000000000001,33.169100389784965,45.07400000000001,20.475369999999998,19.946935846774217,744
2022-05-01,28.900000000000002,77.05000000000001,32.50582403225809,43.8331,20.121730000000014,20.894001572580667,744
2022-05-01,28.900000000000002,77.30000000000001,31.959082607526906,42.866600000000005,19.80728000000005,21.64049974462368,744
2022-06-01,28.400000000000002,76.80000000000001,34.84669584722224,45.19875000000002,24.75442000000004,19.175917125000023,720
2022-06-01,28.400000000000002,77.05000000000001,34.67232348611113,45.02212000000003,24.8639,19.470361305555578,720
2022-06-01,28.400000000000002,77.30000000000001,34.31929430555558,44.47317000000004,24.927999999999997,20.08803668055558,720
2022-06-01,28.650000000000002,76.80000000000001,34.43890654166669,44.70303000000001,24.94174000000004,19.633472027777803,720
2022-06-01,28.650000000000002,77.05000000000001,34.17369238888891,44.34164000000004,25.010100000000023,20.018120319444467,720
2022-06-01,28.650000000000002,77.30000000000001,33.72273006944447,43.523900000000026,25.013180000000034,20.592843250000023,720
2022-06-01,28.900000000000002,76.80000000000001,33.96739425000002,44.17202000000003,24.44082000000003,19.965706736111134,720
2022-06-01,28.900000000000002,77.05000000000001,33.40681629166669,43.25686000000002,24.482970000000023,20.638796138888914,720
2022-06-01,28.900000000000002,77.30000000000001,32.91071738888891,42.46783000000005,24.431820000000016,21.246003361111132,720
2022-07-01,28.400000000000002,76.80000000000001,30.883960645161313,38.34017,25.446860000000015,26.461136317204325,744
2022-07-01,28.400000000000002,77.05000000000001,30.83977245967744,38.15267,25.734830000000045,26.539331559139804,744
2022-07-01,28.400000000000002,77.30000000000001,30.945180954301097,38.22134,26.145530000000008,26.614723279569915,744
2022-07-01,28.650000000000002,76.80000000000001,30.88639340053766,38.10662000000002,25.38363000000004,26.662553319892496,744
2022-07-01,28.650000000000002,77.05000000000001,30.81283361559142,37.88757000000004,25.715450000000033,26.731313736559162,744
2022-07-01,28.650000000000002,77.30000000000001,30.745355967741958,37.76797000000005,26.041440000000023,26.763725094086045,744
2022-07-01,28.900000000000002,76.80000000000001,30.746664368279593,37.85200000000003,25.30068,26.802417137096796,744
2022-07-01,28.900000000000002,77.05000000000001,30.64658728494626,37.54916000000003,25.52430000000004,26.86433905913981,744
2022-07-01,28.900000000000002,77.30000000000001,30.56434528225809,37.406270000000006,25.815179999999998,26.895161680107545,744
2022-08-01,28.400000000000002,76.80000000000001,30.339582110215076,36.56942000000004,25.97714000000002,25.373739610215075,744
2022-08-01,28.400000000000002,77.05000000000001,30.274507553763463,36.46627000000001,25.831800000000044,25.535566975806475,744
2022-08-01,28.400000000000002,77.30000000000001,30.335226881720452,36.544700000000034,25.831380000000024,25.748942137096794,744
2022-08-01,28.650000000000002,76.80000000000001,30.473508709677443,36.588160000000016,26.014200000000017,25.635511478494642,744
2022-08-01,28.650000000000002,77.05000000000001,30.36973668010755,36.40856000000002,25.839300000000037,25.806366384408626,744
2022-08-01,28.650000000000002,77.30000000000001,30.307767567204323,36.21870000000001,25.717370000000017,25.960773790322605,744
2022-08-01,28.900000000000002,76.80000000000001,30.424402607526904,36.290670000000034,26.001430000000028,25.905268696236583,744
2022-08-01,28.900000000000002,77.05000000000001,30.321900618279592,35.99523000000005,25.808770000000038,26.071890658602175,744
2022-08-01,28.900000000000002,77.30000000000001,30.258930174731205,35.84292000000005,25.67172000000005,26.21396875000002,744
2022-09-01,28.400000000000002,76.80000000000001,29.79392379166669,37.44460000000004,24.108300000000042,24.057233819444466,720
2022-09-01,28.400000000000002,77.05000000000001,29.67145851388891,37.435100000000034,24.4495,24.26576066666669,720
2022-09-01,28.400000000000002,77.30000000000001,29.694175083333356,37.63930000000005,24.355430000000013,24.476738569444468,720
2022-09-01,28.650000000000002,76.80000000000001,29.633409375000024,37.43902000000003,24.191300000000012,24.402409861111135,720
2022-09-01,28.650000000000002,77.05000000000001,29.46276688888891,37.33593000000002,24.339230000000043,24.606712930555577,720
2022-09-01,28.650000000000002,77.30000000000001,29.315385555555576,37.18365,24.312620000000038,24.76435862500002,720
2022-09-01,28.900000000000002,76.80000000000001,29.288476347222247,36.995450000000005,23.965100000000007,24.741570180555577,720
2022-09-01,28.900000000000002,77.05000000000001,29.087349472222247,36.74847,23.996759999999995,24.912770861111134,720
2022-09-01,28.900000000000002,77.30000000000001,28.93089943055558,36.54656,23.98004000000003,25.058700305555575,720
2022-10-01,28.400000000000002,76.80000000000001,25.28255932795701,35.48490000000004,16.786770000000047,18.723567029569914,744
2022-10-01,28.400000000000002,77.05000000000001,25.088573817204324,35.23556000000002,16.855950000000007,19.236825215053784,744
2022-10-01,28.400000000000002,77.30000000000001,24.971850443548412,35.15157000000005,16.611080000000015,19.766784448924753,744
2022-10-01,28.650000000000002,76.80000000000001,25.065029260752713,35.266080000000045,16.56844000000001,19.149082983870994,744
2022-10-01,28.650000000000002,77.05000000000001,24.868835120967766,35.00445000000002,16.422799999999995,19.617516451612925,744
2022-10-01,28.650000000000002,77.30000000000001,24.767457137096798,34.795000000000016,16.37270000000001,19.907085188172065,744
2022-10-01,28.900000000000002,76.80000000000001,24.797445161290344,34.85528000000005,16.249750000000006,19.480064784946258,744
2022-10-01,28.900000000000002,77.05000000000001,24.69311674731185,34.759060000000034,16.028620000000046,19.799609153225827,744
2022-10-01,28.900000000000002,77.30000000000001,24.61997087365594,34.57354000000004,15.983400000000017,20.042161236559163,744
2022-11-01,28.400000000000002,76.80000000000001,20.652593736111136,33.36382000000003,9.715779999999995,12.716056222222248,720
2022-11-01,28.400000000000002,77.05000000000001,20.484151583333357,32.586900000000014,11.15500000000003,13.249721833333357,720
2022-11-01,28.400000000000002,77.30000000000001,20.35818529166669,32.16747000000004,11.137900000000002,13.765685347222247,720
2022-11-01,28.650000000000002,76.80000000000001,20.41495816666669,33.068960000000004,10.67428000000001,13.175225722222244,720
2022-11-01,28.650000000000002,77.05000000000001,20.211917347222247,32.28417000000002,10.894130000000018,13.694639125000023,720
2022-11-01,28.650000000000002,77.30000000000001,20.029332291666687,31.75660000000005,10.783000000000015,14.027853652777802,720
2022-11-01,28.900000000000002,76.80000000000001,20.12621866666669,32.496730000000014,10.430570000000046,13.505514680555578,720
2022-11-01,28.900000000000002,77.05000000000001,19.959669569444465,31.866300000000024,10.325829999999996,13.842429888888912,720
2022-11-01,28.900000000000002,77.30000000000001,19.79871916666669,31.392600000000016,10.330100000000016,14.126644805555578,720
2022-12-01,28.400000000000002,76.80000000000001,15.030190900537658,27.255179999999996,6.169399999999996,8.930622647849484,744
2022-12-01,28.400000000000002,77.05000000000001,15.024726290322603,27.120450000000005,6.765600000000006,9.24514612903228,744
2022-12-01,28.400000000000002,77.30000000000001,14.984034139784969,27.175530000000037,7.095540000000028,9.578132110215076,744
2022-12-01,28.650000000000002,76.80000000000001,14.686682432795722,26.989220000000046,6.339140000000043,9.28183662634411,744
2022-12-01,28.650000000000002,77.05000000000001,14.614768615591421,26.759240000000034,6.847560000000044,9.599287150537657,744
2022-12-01,28.650000000000002,77.30000000000001,14.563791169354863,26.613500000000045,7.12444000000005,9.802742204301099,744
2022-12-01,28.900000000000002,76.80000000000001,14.42061731182798,26.77212000000003,6.2841999999999985,9.519669771505399,744
2022-12-01,28.900000000000002,77.05000000000001,14.337320161290346,26.53920000000005,6.411220000000014,9.746018091397872,744
2022-12-01,28.900000000000002,77.30000000000001,14.30502412634411,26.39703000000003,6.767660000000035,9.920130040322602,744
2023-01-01,28.400000000000002,76.80000000000001,12.501045672043034,23.67380000000003,3.3775300000000357,8.09579927419357,744
2023-01-01,28.400000000000002,77.05000000000001,12.521883360215076,23.75857000000002,3.6753199999999993,8.395241411290344,744
2023-01-01,28.400000000000002,77.30000000000001,12.492254704301098,23.8741,3.7187700000000063,8.755674072580668,744
2023-01-01,28.650000000000002,76.80000000000001,12.268785376344107,23.587580000000003,3.260900000000049,8.418110161290347,744
2023-01-01,28.650000000000002,77.05000000000001,12.281508467741958,23.68282000000005,3.467900000000043,8.711646599462387,744
2023-01-01,28.650000000000002,77.30000000000001,12.387150000000021,23.981700000000046,3.812460000000044,8.934172607526905,744
2023-01-01,28.900000000000002,76.80000000000001,12.057227177419378,23.333600000000047,3.2436200000000213,8.69532735215056,744
2023-01-01,28.900000000000002,77.05000000000001,12.152072567204323,23.605200000000025,3.580100000000016,8.947550954301098,744
2023-01-01,28.900000000000002,77.30000000000001,12.296062379032282,23.98974000000004,4.028700000000015,9.146873346774216,744
2023-02-01,28.400000000000002,76.80000000000001,19.977196622023833,33.93606,10.055020000000013,10.536755699404784,672
2023-02-01,28.400000000000002,77.05000000000001,19.794196041666687,32.90853000000004,10.297400000000039,11.039563229166689,672
2023-02-01,28.400000000000002,77.30000000000001,19.512454910714307,31.87435000000005,10.472740000000044,11.673248154761927,672
2023-02-01,28.650000000000002,76.80000000000001,19.304197068452407,32.23257000000001,9.979759999999999,11.429204092261928,672
2023-02-01,28.650000000000002,77.05000000000001,19.128870803571452,31.29860000000002,10.177700000000016,11.869402663690499,672
2023-02-01,28.650000000000002,77.30000000000001,19.14009690476193,31.005200000000002,10.449700000000007,12.01639991071431,672
2023-02-01,28.900000000000002,76.80000000000001,18.76108090773812,30.578940000000046,9.933340000000044,12.077429598214309,672
2023-02-01,28.900000000000002,77.05000000000001,18.779231309523833,30.33820000000003,10.221580000000017,12.250812053571455,672
2023-02-01,28.900000000000002,77.30000000000001,18.876800327380973,30.259500000000003,10.513599999999997,12.294149895833353,672
2023-03-01,28.400000000000002,76.80000000000001,23.62389416666669,34.31948,16.20010000000002,14.99994290322583,744
2023-03-01,28.400000000000002,77.05000000000001,23.513573924731205,34.203760000000045,15.979759999999999,15.217707688172064,744
2023-03-01,28.400000000000002,77.30000000000001,23.247637822580668,33.97726,15.798699999999997,15.622318185483893,744
2023-03-01,28.650000000000002,76.80000000000001,23.00292184139787,33.35458,15.863400000000013,15.745509637096797,744
2023-03-01,28.650000000000002,77.05000000000001,22.878568951612927,33.15005000000002,15.57098000000002,15.929274126344108,744
2023-03-01,28.650000000000002,77.30000000000001,22.813866975806476,32.98470000000003,15.35635000000002,15.937196559139808,744
2023-03-01,28.900000000000002,76.80000000000001,22.449393897849486,32.51248000000004,15.541800000000023,16.208702271505402,744
2023-03-01,28.900000000000002,77.05000000000001,22.43109020161293,32.24404000000004,15.329340000000002,16.21495180107529,744
2023-03-01,28.900000000000002,77.30000000000001,22.446127674731205,32.176480000000026,15.129480000000001,16.13770522849465,744
2023-04-01,28.400000000000002,76.80000000000001,28.23687641666669,41.02923000000004,17.213369999999998,12.636040736111136,720
2023-04-01,28.400000000000002,77.05000000000001,28.097353222222242,40.970200000000034,17.538080000000036,12.9619980277778,720
2023-04-01,28.400000000000002,77.30000000000001,27.9634610277778,40.98104000000001,17.441400000000044,13.31615813888891,720
2023-04-01,28.650000000000002,76.80000000000001,27.816720805555576,40.58346,17.426500000000033,13.203159805555579,720
2023-04-01,28.650000000000002,77.05000000000001,27.627943625000025,40.449550000000045,17.240300000000047,13.54166130555558,720
2023-04-01,28.650000000000002,77.30000000000001,27.527533083333356,40.42190000000005,17.061239999999998,13.706255388888913,720
2023-04-01,28.900000000000002,76.80000000000001,27.3029834027778,40.26248000000004,17.00540000000001,13.759697375000021,720
2023-04-01,28.900000000000002,77.05000000000001,27.19488887500002,40.111170000000016,16.880520000000047,13.880530513888912,720
2023-04-01,28.900000000000002,77.30000000000001,27.15421429166669,40.10092000000003,16.496700000000033,13.946472750000023,720
2023-05-01,28.400000000000002,76.80000000000001,30.37270228494626,44.40566000000001,19.42950000000002,17.009323266129055,744
2023-05-01,28.400000000000002,77.05000000000001,30.346181263440887,44.266200000000026,19.231700000000046,17.152311397849484,744
2023-05-01,28.400000000000002,77.30000000000001,30.26964614247314,43.999540000000025,19.155500000000018,17.44769305107529,744
2023-05-01,28.650000000000002,76.80000000000001,30.11481041666669,44.11184000000003,19.180930000000046,17.40421104838712,744
2023-05-01,28.650000000000002,77.05000000000001,30.034288938172068,43.81290000000001,19.007560000000012,17.566417526881743,744
2023-05-01,28.650000000000002,77.30000000000001,29.763790349462386,42.89358000000004,18.98135000000002,17.885956397849483,744
2023-05-01,28.900000000000002,76.80000000000001,29.698390470430134,43.462180000000046,18.874780000000044,17.748932002688196,744
2023-05-01,28.900000000000002,77.05000000000001,29.537639018817224,42.80250000000001,18.855200000000025,17.969000537634432,744
2023-05-01,28.900000000000002,77.30000000000001,29.268918037634432,41.83260000000001,18.873500000000035,18.27220430107529,744
2023-06-01,28.400000000000002,76.80000000000001,32.170372944444466,41.80056000000002,22.465599999999995,22.310398750000022,720
2023-06-01,28.400000000000002,77.05000000000001,32.1855511527778,42.01520000000005,22.52334000000002,22.294800194444466,720
2023-06-01,28.400000000000002,77.30000000000001,32.20505138888891,42.311980000000005,22.782560000000046,22.35799341666669,720
2023-06-01,28.650000000000002,76.80000000000001,32.250859750000025,42.03707000000003,22.223720000000014,22.35828201388891,720
2023-06-01,28.650000000000002,77.05000000000001,32.16527561111113,42.1148,22.3014,22.406380361111136,720
2023-06-01,28.650000000000002,77.30000000000001,31.905092361111137,41.95944000000003,22.380030000000033,22.5883087777778,720
2023-06-01,28.900000000000002,76.80000000000001,32.1354065277778,41.954300000000046,21.852660000000014,22.48217693055558,720
2023-06-01,28.900000000000002,77.05000000000001,31.8808555277778,41.85586000000001,21.917500000000018,22.65105255555558,720
2023-06-01,28.900000000000002,77.30000000000001,31.58892179166669,41.66485,21.972560000000044,22.848691250000023,720
2023-07-01,28.400000000000002,76.80000000000001,30.44129793010755,37.68640000000005,26.3818,26.61661907258067,744
2023-07-01,28.400000000000002,77.05000000000001,30.24461877688174,37.36718000000002,26.27355,26.716155900537657,744
2023-07-01,28.400000000000002,77.30000000000001,30.133907486559163,37.184349999999995,26.23263000000003,26.857161384408624,744
2023-07-01,28.650000000000002,76.80000000000001,30.4482585887097,37.93950000000001,26.324550000000045,26.688022190860234,744
2023-07-01,28.650000000000002,77.05000000000001,30.223986397849483,37.531920000000014,26.30056000000002,26.78387661290325,744
2023-07-01,28.650000000000002,77.30000000000001,29.994187836021528,37.13980000000004,26.06850000000003,26.85824341397852,744
2023-07-01,28.900000000000002,76.80000000000001,30.29984974462368,37.892480000000035,26.33193,26.74364012096776,744
2023-07-01,28.900000000000002,77.05000000000001,30.091777352150558,37.40435000000002,26.282600000000002,26.805735954301095,744
2023-07-01,28.900000000000002,77.30000000000001,29.8583497715054,37.11715000000004,25.85146000000003,26.867584946236583,744
2023-08-01,28.400000000000002,76.80000000000001,31.42827221774196,37.89486000000005,26.402860000000032,24.835371384408624,744
2023-08-01,28.400000000000002,77.05000000000001,31.13205048387099,37.41775000000001,26.25878,25.185387190860236,744
2023-08-01,28.400000000000002,77.30000000000001,30.880852607526904,36.91882000000004,26.507470000000012,25.64229291666669,744
2023-08-01,28.650000000000002,76.80000000000001,31.550591384408627,37.89390000000003,26.87820000000005,25.07331607526884,744
2023-08-01,28.650000000000002,77.05000000000001,31.2103685887097,37.336820000000046,26.635700000000043,25.433200376344107,744
2023-08-01,28.650000000000002,77.30000000000001,30.83958819892476,36.71777000000003,26.167500000000018,25.807570215053786,744
2023-08-01,28.900000000000002,76.80000000000001,31.367175833333356,37.34823,27.27260000000001,25.508666922043034,744
2023-08-01,28.900000000000002,77.05000000000001,31.07547817204303,36.90026,26.549830000000043,25.773263857526903,744
2023-08-01,28.900000000000002,77.30000000000001,30.721259287634435,36.45925,25.902800000000013,26.1056860215054,744
2023-09-01,28.400000000000002,76.80000000000001,30.29470508333336,38.823180000000036,23.005880000000047,23.861080458333355,720
2023-09-01,28.400000000000002,77.05000000000001,30.00992875000002,38.410120000000006,23.210170000000005,24.270036944444467,720
2023-09-01,28.400000000000002,77.30000000000001,29.752072097222243,37.904600000000016,22.497130000000027,24.805002097222243,720
2023-09-01,28.650000000000002,76.80000000000001,30.308991263888913,38.95355000000001,22.98403000000002,24.111537902777805,720
2023-09-01,28.650000000000002,77.05000000000001,30.010225861111135,38.46475000000004,22.704830000000015,24.50450779166669,720
2023-09-01,28.650000000000002,77.30000000000001,29.707588013888913,37.71176000000003,22.55636000000004,24.884570611111137,720
2023-09-01,28.900000000000002,76.80000000000001,29.98711204166669,38.39025000000004,22.484460000000013,24.492070652777798,720
2023-09-01,28.900000000000002,77.05000000000001,29.833486680555577,37.97628000000003,22.449760000000026,24.725561180555577,720
2023-09-01,28.900000000000002,77.30000000000001,29.577055694444464,37.26016000000004,22.51266000000004,25.048949458333354,720
2023-10-01,28.400000000000002,76.80000000000001,26.4612946370968,37.64196000000004,17.314020000000028,16.839272163978517,744
2023-10-01,28.400000000000002,77.05000000000001,26.273208373655937,37.31057000000004,17.660150000000044,17.21993600806454,744
2023-10-01,28.400000000000002,77.30000000000001,25.88325000000002,36.893520000000024,17.573200000000043,17.95774299731185,744
2023-10-01,28.650000000000002,76.80000000000001,26.243768776881744,37.485299999999995,17.10363000000001,17.278665134408623,744
2023-10-01,28.650000000000002,77.05000000000001,26.065206196236584,37.18960000000004,17.662000000000035,17.61758118279572,744
2023-10-01,28.650000000000002,77.30000000000001,25.75556741935486,36.66512,17.661770000000047,18.065762016129057,744
2023-10-01,28.900000000000002,76.80000000000001,25.669217688172065,36.66094000000004,16.945250000000044,17.898864677419375,744
2023-10-01,28.900000000000002,77.05000000000001,25.60025168010755,36.40725000000003,17.271630000000016,18.10202413978497,744
2023-10-01,28.900000000000002,77.30000000000001,25.327052110215078,35.85232000000002,17.45974000000001,18.502398225806473,744
2023-11-01,28.400000000000002,76.80000000000001,20.807279708333358,32.11984000000001,11.657950000000028,14.36211329166669,720
2023-11-01,28.400000000000002,77.05000000000001,20.735519361111134,31.93694000000005,11.770100000000014,14.609794708333357,720
2023-11-01,28.400000000000002,77.30000000000001,20.586560013888914,31.64413000000002,12.102200000000039,15.033347041666689,720
2023-11-01,28.650000000000002,76.80000000000001,20.59818441666669,32.07528000000002,11.683680000000038,14.65317579166669,720
2023-11-01,28.650000000000002,77.05000000000001,20.51593541666669,31.896500000000003,11.715000000000032,14.890924375000022,720
2023-11-01,28.650000000000002,77.30000000000001,20.40320516666669,31.60098000000005,11.466580000000022,15.093745944444466,720
2023-11-01,28.900000000000002,76.80000000000001,20.276284750000023,31.688680000000033,11.67715000000004,14.908593583333358,720
2023-11-01,28.900000000000002,77.05000000000001,20.249905222222246,31.590900000000033,11.596640000000036,15.051639194444467,720
2023-11-01,28.900000000000002,77.30000000000001,20.14293338888891,31.27236000000005,11.361540000000048,15.23311218055558,720
2023-12-01,28.400000000000002,76.80000000000001,15.751472620967764,25.42760000000004,7.70270000000005,10.502499005376368,744
2023-12-01,28.400000000000002,77.05000000000001,15.778149502688196,25.48556000000002,7.904320000000041,10.668553239247336,744
2023-12-01,28.400000000000002,77.30000000000001,15.696826895161314,25.554650000000038,7.818230000000028,10.930413131720453,744
2023-12-01,28.650000000000002,76.80000000000001,15.378473387096795,25.242639999999994,7.149560000000008,10.681474220430129,744
2023-12-01,28.650000000000002,77.05000000000001,15.370106747311851,25.336000000000013,7.355800000000045,10.84573416666669,744
2023-12-01,28.650000000000002,77.30000000000001,15.382945994623677,25.41918000000004,7.730130000000031,10.974853440860239,744
2023-12-01,28.900000000000002,76.80000000000001,15.015250819892495,24.98403000000002,6.519980000000032,10.828727096774216,744
2023-12-01,28.900000000000002,77.05000000000001,15.030109112903249,25.05358000000001,7.175440000000037,10.946712379032281,744
2023-12-01,28.900000000000002,77.30000000000001,15.062796854838734,25.149680000000046,7.675960000000032,11.059947513440886,744
